reactions,party_output_OG,party_output,React_per_Tweet,React_per_OG_Tweet,share_OG
111,15,43,2.5813953488372094,7.4,0.25862068965517243
488,44,167,2.9221556886227544,11.090909090909092,0.20853080568720378
501,14,46,10.891304347826088,35.785714285714285,0.23333333333333334
982,44,215,4.567441860465117,22.318181818181817,0.16988416988416988
833,42,134,6.2164179104477615,19.833333333333332,0.23863636363636365
1196,53,218,5.486238532110092,22.566037735849058,0.19557195571955718
